<?xml version="1.0" standalone="yes"?>
<soap:Envelope xmlns:soap="http://schemas.xmlsoap.org/soap/envelope/"
	xmlns:ns1="http://service.csap.cts.com/">
	<soap:Body></soap:Body>
</soap:Envelope>





<soap:Envelope xmlns:soap="http://schemas.xmlsoap.org/soap/envelope/">
	<soap:Body>
		<ns2:getRandomProductForOCAPResponse
			xmlns:ns2="http://service.csap.cts.com/">
			<brand>Sony</brand>
			<category>Camera</category>
			<id />
			<mrp>6300.0</mrp>
			<name>CameraSony2</name>
			<vendorOffers>
				<endDate>2012-07-24T13:36:01.619Z</endDate>
				<id />
				<offer>Manson Offer</offer>
				<offerType>DISCOUNT</offerType>
				<startDate>2012-07-24T13:36:01.619Z</startDate>
				<vendor>
					<address>
						<building>building1</building>
						<city>city1</city>
						<country>country1</country>
						<id />
						<pinCode>100001</pinCode>
						<state>state1</state>
						<street>street1</street>
					</address>
					<email>vendor1@gmail.com</email>
					<mobile>9000000001</mobile>
					<name>vendor1</name>
					<username>vendor1</username>
				</vendor>
				<worthPrice>3000.0</worthPrice>
			</vendorOffers>
			<vendorOffers>
				<endDate>2012-07-24T13:36:01.619Z</endDate>
				<id />
				<offer>Manson Offer</offer>
				<offerType>DISCOUNT</offerType>
				<startDate>2012-07-24T13:36:01.619Z</startDate>
				<vendor>
					<address>
						<building>building2</building>
						<city>city2</city>
						<country>country2</country>
						<id />
						<pinCode>100002</pinCode>
						<state>state2</state>
						<street>street2</street>
					</address>
					<email>vendor2@gmail.com</email>
					<mobile>9000000002</mobile>
					<name>vendor2</name>
					<username>vendor2</username>
				</vendor>
				<worthPrice>6000.0</worthPrice>
			</vendorOffers>
			<vendorOffers>
				<endDate>2012-07-24T13:36:01.619Z</endDate>
				<id />
				<offer>Manson Offer</offer>
				<offerType>DISCOUNT</offerType>
				<startDate>2012-07-24T13:36:01.619Z</startDate>
				<vendor>
					<address>
						<building>building3</building>
						<city>city3</city>
						<country>country3</country>
						<id />
						<pinCode>100003</pinCode>
						<state>state3</state>
						<street>street3</street>
					</address>
					<email>vendor3@gmail.com</email>
					<mobile>9000000003</mobile>
					<name>vendor3</name>
					<username>vendor3</username>
				</vendor>
				<worthPrice>9000.0</worthPrice>
			</vendorOffers>
			<vendorOffers>
				<endDate>2012-07-24T13:36:01.619Z</endDate>
				<id />
				<offer>Manson Offer</offer>
				<offerType>DISCOUNT</offerType>
				<startDate>2012-07-24T13:36:01.619Z</startDate>
				<vendor>
					<address>
						<building>building4</building>
						<city>city4</city>
						<country>country4</country>
						<id />
						<pinCode>100004</pinCode>
						<state>state4</state>
						<street>street4</street>
					</address>
					<email>vendor4@gmail.com</email>
					<mobile>9000000004</mobile>
					<name>vendor4</name>
					<username>vendor4</username>
				</vendor>
				<worthPrice>12000.0</worthPrice>
			</vendorOffers>
		</ns2:getRandomProductForOCAPResponse>
	</soap:Body>
</soap:Envelope>





<soapenv:Envelope xmlns:soapenv="http://schemas.xmlsoap.org/soap/envelope/"
	xmlns:xsi="http://www.w3.org/2001/XMLSchema-instance" xmlns:xsd="http://www.w3.org/2001/XMLSchema"
	xmlns:ser="http://service.csap.cts.com/">
	<soapenv:Header />
	<soapenv:Body>
		<csapUserId>cust1</csapUserId>
		<productBrand>Sony</productBrand>
		<productName>CameraSony2</productName>
	</soapenv:Body>
</soapenv:Envelope>










<soap:Envelope xmlns:soap="http://schemas.xmlsoap.org/soap/envelope/">
	<soap:Body>
		<ns2:registerCustomerInterestResponse
			xmlns:ns2="http://service.csap.cts.com/">
			<product>
				<brand>Sony</brand>
				<category>Camera</category>
				<id />
				<mrp>6300.0</mrp>
				<name>CameraSony2</name>
				<vendorOffers>
					<endDate>2012-07-24T13:36:01.619Z</endDate>
					<id />
					<offer>Manson Offer</offer>
					<offerType>DISCOUNT</offerType>
					<startDate>2012-07-24T13:36:01.619Z</startDate>
					<vendor>
						<address>
							<building>building1</building>
							<city>city1</city>
							<country>country1</country>
							<id />
							<pinCode>100001</pinCode>
							<state>state1</state>
							<street>street1</street>
						</address>
						<email>vendor1@gmail.com</email>
						<mobile>9000000001</mobile>
						<name>vendor1</name>
						<username>vendor1</username>
					</vendor>
					<worthPrice>3000.0</worthPrice>
				</vendorOffers>
				<vendorOffers>
					<endDate>2012-07-24T13:36:01.619Z</endDate>
					<id />
					<offer>Manson Offer</offer>
					<offerType>DISCOUNT</offerType>
					<startDate>2012-07-24T13:36:01.619Z</startDate>
					<vendor>
						<address>
							<building>building2</building>
							<city>city2</city>
							<country>country2</country>
							<id />
							<pinCode>100002</pinCode>
							<state>state2</state>
							<street>street2</street>
						</address>
						<email>vendor2@gmail.com</email>
						<mobile>9000000002</mobile>
						<name>vendor2</name>
						<username>vendor2</username>
					</vendor>
					<worthPrice>6000.0</worthPrice>
				</vendorOffers>
				<vendorOffers>
					<endDate>2012-07-24T13:36:01.619Z</endDate>
					<id />
					<offer>Manson Offer</offer>
					<offerType>DISCOUNT</offerType>
					<startDate>2012-07-24T13:36:01.619Z</startDate>
					<vendor>
						<address>
							<building>building3</building>
							<city>city3</city>
							<country>country3</country>
							<id />
							<pinCode>100003</pinCode>
							<state>state3</state>
							<street>street3</street>
						</address>
						<email>vendor3@gmail.com</email>
						<mobile>9000000003</mobile>
						<name>vendor3</name>
						<username>vendor3</username>
					</vendor>
					<worthPrice>9000.0</worthPrice>
				</vendorOffers>
				<vendorOffers>
					<endDate>2012-07-24T13:36:01.619Z</endDate>
					<id />
					<offer>Manson Offer</offer>
					<offerType>DISCOUNT</offerType>
					<startDate>2012-07-24T13:36:01.619Z</startDate>
					<vendor>
						<address>
							<building>building4</building>
							<city>city4</city>
							<country>country4</country>
							<id />
							<pinCode>100004</pinCode>
							<state>state4</state>
							<street>street4</street>
						</address>
						<email>vendor4@gmail.com</email>
						<mobile>9000000004</mobile>
						<name>vendor4</name>
						<username>vendor4</username>
					</vendor>
					<worthPrice>12000.0</worthPrice>
				</vendorOffers>
			</product>
			<vendorOffersList />
		</ns2:registerCustomerInterestResponse>
	</soap:Body>
</soap:Envelope>

