<?xml version="1.0" encoding="UTF-8"?>

<project name="customerinterestxlet" basedir="." default="compileanddeploy">

	<property name="dist" value="${basedir}/dist"></property>
	<property name="classes" value="${basedir}/classes"></property>
	<property name="jarname" value="interest.jar"></property>
	<property name="lib" value="D:\\OCAP\\CableLabs\\tru2way\\tags-RI_I1_2_3_REL_A-34521\\ocap-ri\\ocap\\bin\\CableLabs\\simulator\\Win32\\debug\\env\\usr"></property>
	<property name="ocaplib" value="D:\\OCAP\\CableLabs\\tru2way\\tags-RI_I1_2_3_REL_A-34521\\ocap-ri\\ocap\\bin\\lib"></property>
	<property name="deploycsapdir" value="D:\\OCAP\\CableLabs\\tru2way\\tags-RI_I1_2_3_REL_A-34521\\ocap-ri\\ocap\\bin\\CableLabs\\simulator\\Win32\\debug\\env\\csap"></property>
	
	<target name="clean">
		<delete dir="${dist}"></delete>
		<delete dir="${classes}"></delete>
	</target>
	<target name="init">
		<mkdir dir="${dist}"/>
		<mkdir dir="${classes}"/>
	</target>
	
	<target name="compile">
		<javac destdir="${classes}"
			target="1.2"
			source="1.2">
			<src path="${basedir}/src"></src>
			<!-- 
			<include name="org/ocapproject/xlet/IntentXlet.java"/>
			<include name="com/cognizant/iptv/digitalsubscriberservice/client/subscriber/DigitalSubAxisClient.java"/>
			<include name="com/cognizant/iptv/digitalsubscriberservice/client/subscriber/CSAPServiceDelegate.java"/>
			-->
			<include name="**/IntentXlet*"/>
			<include name="**/DigitalSubHttpConn*"/>
			<include name="**/CSAPServiceDelegate*"/>
			<classpath>
				<fileset dir="${lib}" includes="*.jar"></fileset>
				<fileset dir="${ocaplib}" includes="*.jar"></fileset>
			</classpath>
		</javac>
	</target>
	
	<target name="unjarlibs">
		<unjar dest="${classes}" overwrite="true">
			<patternset>
				<include name="**/*" />
			</patternset>
			<fileset dir="${lib}">
				<include name="saaj.jar"/>
				<!-- <include name="axis.jar"/>
				<include name="wsdl4j-1.5.1.jar"/>
				<include name="jaxrpc.jar"/>
				<include name="activation.jar"/>
				<include name="javamail-1.4.jar"/>
				<include name="commons-logging-1.0.4.jar"/>
				<include name="commons-discovery-0.2.jar"/>
				<include name="axis-ant.jar"/>
				<include name="log4j-1.2.8"/> -->
			</fileset>
		</unjar>
	</target>

	<target name="compileanddeploy" depends="clean, init, compile">
		<copy todir="${deploycsapdir}">
			<fileset dir="${classes}">
				<include name="**/*"/>
			</fileset>
		</copy>
	</target>

	<target name="jar" depends="clean, init, compile">
		<jar destfile="${dist}/${jarname}">
			<fileset dir="${classes}">
			</fileset>
			<zipgroupfileset dir="${lib}" includes="*.jar">
			</zipgroupfileset>
		</jar>	
	</target>
</project>